{"cameraMode":{"drawMode":0,"name":"Shaded","section":"Shading Mode"},"sceneLighting":true,"audioPlay":false,"sceneViewState":{"m_AlwaysRefresh":false,"showFog":true,"showSkybox":true,"showFlares":true,"showImageEffects":true,"showParticleSystems":true,"showVisualEffectGraphs":true,"m_FxEnabled":true},"in2DMode":false,"pivot":{"x":4.887989044189453,"y":-5.025094985961914,"z":2.9907150268554689},"rotation":{"x":-0.29690036177635195,"y":0.47473907470703127,"z":-0.17399971187114716,"w":-0.8100689649581909},"size":13.092662811279297,"orthographic":false}