{"cameraMode":{"drawMode":0,"name":"Shaded","section":"Shading Mode"},"sceneLighting":false,"audioPlay":false,"sceneViewState":{"m_AlwaysRefresh":false,"showFog":true,"showSkybox":false,"showFlares":true,"showImageEffects":true,"showParticleSystems":true,"showVisualEffectGraphs":true,"m_FxEnabled":true},"in2DMode":false,"pivot":{"x":5.760659217834473,"y":0.3206835687160492,"z":5.034025192260742},"rotation":{"x":-0.14527572691440583,"y":-0.018703116104006769,"z":0.0027578689623624088,"w":-0.9892750978469849},"size":0.8660253882408142,"orthographic":false}