{"cameraMode":{"drawMode":0,"name":"Shaded","section":"Shading Mode"},"sceneLighting":false,"audioPlay":false,"sceneViewState":{"m_AlwaysRefresh":false,"showFog":true,"showSkybox":false,"showFlares":true,"showImageEffects":true,"showParticleSystems":true,"showVisualEffectGraphs":true,"m_FxEnabled":true},"in2DMode":false,"pivot":{"x":3.2914774417877199,"y":0.6492577791213989,"z":4.327627182006836},"rotation":{"x":-0.21970032155513764,"y":-0.08271841704845429,"z":0.018712148070335389,"w":-0.9719375967979431},"size":2.3060503005981447,"orthographic":false}